영상제목,영상주소,작성자,댓글,좋아요,날짜,답글초안
원하는거 다 만들어줌ㅋ 🤖✨ 뱀부랩 3D 프린터 활용법!,https://youtu.be/RxxLAkOcNJA,@woosoorimi,울 차혀니가 넘 좋아하는 3D 프린터! (아빠도 엄청 신났어요 ㅎㅎㅎ) 맞춤형 선물 공장부터 깔끔한 집 정리까지~ 여러분도 뱀부랩으로 상상하던 모든 것을 쉽게 만들어 보세요! 👍 🔗 Bambu lab P2S-Combo: https://tidd.ly/3RxmJY5 🔗 Bambu lab PLA Pure: https://tidd.ly/4wNQdjA,145,2026-07-24,차녀님이 좋아하시면 진짜 최고네요! 아빠도 신나시다니 저도 기분 좋아지네요 😊
원하는거 다 만들어줌ㅋ 🤖✨ 뱀부랩 3D 프린터 활용법!,https://youtu.be/RxxLAkOcNJA,@mollu6706,이런 모습 보니까 진짜 기분 좋다 ㅎㅎ 우리 애들도 저렇게 자라면 좋겠네~ 차혀니 계속 행복하길! >_<,0,2026-07-30,귀여운 아이들 모습이 정말 따뜻하네요! 😊 저도 그런 뱀부랩으로 아이들이 좋아할 장난감 만들어보고 싶어요.
원하는거 다 만들어줌ㅋ 🤖✨ 뱀부랩 3D 프린터 활용법!,https://youtu.be/RxxLAkOcNJA,@YasmeenKhan-u2x,Rida,0,2026-07-29,Rida 님도 3D 프린터로 원하는 작품 만들어보시면 재미있더라고요! 😊
원하는거 다 만들어줌ㅋ 🤖✨ 뱀부랩 3D 프린터 활용법!,https://youtu.be/RxxLAkOcNJA,@dancewithspark_07,Woooooooow🎉🎉,0,2026-07-29,와~ 반응이 이렇게 좋다니 기분이 참 좋네요!
원하는거 다 만들어줌ㅋ 🤖✨ 뱀부랩 3D 프린터 활용법!,https://youtu.be/RxxLAkOcNJA,@soya-q7r,종류가 생각한것 보다 더 많아서 좋당,1,2026-07-27,그 다양함이 가장 큰 매력이네요! 😄
뱀부랩 3D 프린터 200% 활용법 🤖✨ 우리집 생활 꿀템 무한 생성 ♾️ Bambu lab P2S-Combo & PLA Pure,https://youtu.be/Jz6bF6CAViw,@woosoorimi,울 차혀니가 넘 좋아하는 3D 프린터! (아빠도 엄청 신났어요 ㅎㅎㅎ) 맞춤형 선물 공장부터 깔끔한 집 정리까지~ 여러분도 뱀부랩으로 상상하던 모든 것을 쉽게 만들어 보세요! 👍 🔗 Bambu lab P2S-Combo: https://tidd.ly/3RxmJY5 🔗 Bambu lab PLA Pure: https://tidd.ly/4wNQdjA,118,2026-07-24,아이가 좋아하는 거 보면 저도 기분 좋아지네요! 맞춤 선물까지 만들어주는 건 정말 편하더라고요 😊
뱀부랩 3D 프린터 200% 활용법 🤖✨ 우리집 생활 꿀템 무한 생성 ♾️ Bambu lab P2S-Combo & PLA Pure,https://youtu.be/Jz6bF6CAViw,@jaekkuki,퀄리티 미쳤다ㄷㄷ 나도 집에서 3D 프린터로 바로 뽑아보고 싶음 ㅋㅋㅋ 🤖✨,0,2026-07-29,"와, 퀄리티 진짜 멋지네요! 저도 집에서 바로 프린트해보고 싶어지네요. 😄"
뱀부랩 3D 프린터 200% 활용법 🤖✨ 우리집 생활 꿀템 무한 생성 ♾️ Bambu lab P2S-Combo & PLA Pure,https://youtu.be/Jz6bF6CAViw,@6_6-f4z,3D 프린터는 볼때마다 신기해요 차현이 신나보임ㅋㅋㅋ귀여워,0,2026-07-28,차현이 표정 진짜 귀여워 보이네요~ 저도 보면서 웃음 나왔어요! 😄
"😆 꺄르르 텐션 폭발, 차혀니 💘 스마트폰 뺏던 아빠의 반전 선물은? 🎁",https://youtu.be/QkGEo0eDN2k,@히오치,차현이너무 귀여워서 볼 때마다 기분 좋아져용~~ ㅎㅎㅎ 차혀니 라뷰❤️,0,2026-07-20,"차현이는 진짜 귀여움이 넘치네요~ 라뷰까지 해주시다니, 보는 사람까지 기분 좋아지더라고요! 😊"
"😆 꺄르르 텐션 폭발, 차혀니 💘 스마트폰 뺏던 아빠의 반전 선물은? 🎁",https://youtu.be/QkGEo0eDN2k,@간장밥-x3h,온 가족이 템으로 즐겁고 알찬 시간 보낸듯 실용적인 제품들 많아 보임,0,2026-07-19,"네, 제품 선택이 정말 실용적이네요! 가족 모두가 즐거워하는 모습이 보기 좋더라고요 😊"
"😆 꺄르르 텐션 폭발, 차혀니 💘 스마트폰 뺏던 아빠의 반전 선물은? 🎁",https://youtu.be/QkGEo0eDN2k,@wlo-r5b,아빠 선물 센스대박!! 차현이 좋겠당ㅎㅎ,0,2026-07-19,차현이도 너무 좋아할 거 같네요! 아빠의 반전 센스 짱이에요 😄
스마트폰 뺏던 아빠의 반전 선물 🎁 꺄르르 텐션 폭발한 차혀니 😆 (ft. 아빠의 테무한 하루),https://youtu.be/w4Wvo5unxxI,@woosoorimi,"스마트폰 뺏던 아빠의 반전 선물 🎁 차혀니의 반응이 어땠을지 😆 영상 끝까지 봐주세요 🔥 ✨ 테무 신규고객 390,000원 상당의 쿠폰 묶음과 할인 상품 혜택창 코드 : 【knw7598】 링크: https://app.temu.com/k/gcmf1oqfvxi 한국 내 신규 앱 사용자 대상. Temu 앱에서 코드 [knw7598] 검색 시 390,000원 상당의 쿠폰 묶음과 할인 상품 혜택 제공. 39만 원 상당의 쿠폰 묶음 지급(ID당 1회). '30,000원 할인 쿠폰 4장 (각 최소 주문 150,000원) / 27,000원 할인 쿠폰 1장 (각 최소 주문 90,000원) / 24,000원 할인 쿠폰 1장 (각 최소 주문 80,000원) / 12,000원 할인 쿠폰 2장 (각 최소 주문 45,000원) / 10,000원 할인 쿠폰 4장 (각 최소 주문 40,000원) / 25,000원 할인 쿠폰 3장 (각 최소 주문 130,000원) / 18,000원 할인 쿠폰 3장 (각 최소 주문 97,500원) / 13,000원 할인 쿠폰 2장 (각 최소 주문 65,000원) ' 등이 포함되나 세부 조건은 사용자별로 상이할 수 있음. 쿠폰은 발급 후 24시간 동안 유효하며, 단독 사용만 가능하고 타 쿠폰과 중복 적용 불가. 할인 상품은 이용자당 1개 구매 가능，최소 주문 금액 13,000원이 적용됨(국내 창고 발송 상품 제외). 조기 품절될 수 있으며, 배송비가 부과될 수 있음. 자세한 사항은 프로모션 이용약관 참조. For users of new apps in Korea. If you search for code [knw7598] on the Temu app, you will receive coupon bundles worth 390,000 won and discounts. Coupon bundles worth 390,000 won will be paid (one per ID).",103,2026-07-23,차혀니가 텐션 폭발할 만한 반전이 끝까지 기대되는 거네요 😆
스마트폰 뺏던 아빠의 반전 선물 🎁 꺄르르 텐션 폭발한 차혀니 😆 (ft. 아빠의 테무한 하루),https://youtu.be/w4Wvo5unxxI,@PansKumar-h3n,❤❤❤❤❤❤❤❤❤❤❤❤❤❤❤❤❤❤❤❤❤❤❤❤❤❤❤❤🎉🎉🎉🎉🎉🎉🎉🎉🎉🎉🎉🎉🎉🎉🎉🎉😂😂😂😂😂😂🎉🎉🎉🎉🎉😢😢😢😢😢😢😢😮😅😮😮😮😮😮😅😅😅😅😅😅😊😊😊😊😊😊😊😊😊😊😅😅😅😅😮😮😮😮😢😢😢😢😢🎉🎉🎉🎉😂😂😂😂😂❤❤❤❤❤❤❤😂😂😂😂😂😂😂😂😂😂😂😂🎉🎉🎉🎉🎉🎉🎉❤❤❤❤❤❤❤❤❤❤❤❤❤❤❤❤❤❤🎉🎉🎉🎉🎉🎉🎉🎉🎉🎉🎉🎉🎉🎉🎉🎉🎉🎉🎉🎉🎉🎉🎉🎉🎉🎉🎉🎉🎉🎉🎉🎉🎉🎉🎉🎉🎉🎉🎉🎉🎉🎉🎉🎉🎉🎉❤❤❤❤❤❤❤❤❤❤❤❤❤😂😂😂😂😂😂😂😂😂😢😢😢😢😢😢😢😢😢😢😮😮😮😮😮😮😢😢😢😢😢😮😮😮😮😮😮😮😮😮😮😮😮😮😮😅😅😅😅😅😅😅😅😅😅😅😊😊😊😊😊😊😊😊😊😊😊😊😊❤❤❤🎉😢😮😅😊❤🎉,1,2026-07-19,정말 재미있게 시청하셨네요! 기분 좋게 웃으셨다니 저도 기특해요 😊
스마트폰 뺏던 아빠의 반전 선물 🎁 꺄르르 텐션 폭발한 차혀니 😆 (ft. 아빠의 테무한 하루),https://youtu.be/w4Wvo5unxxI,@간장밥-x3h,아들 태블릿으로 사고 내는 거 즐기는 모습 완전 귀엽네요 아빠 제품들도 가성비 좋아 보임,0,2026-07-16,아들 태블릿으로 놀리는 걸 보는 아빠 표정도 재미있더라고요 😄
땀범벅💦 야외활동 후 꿉꿉함 제로! 여름철 빨래냄새제거 꿀템☀️ (feat. 스너글 섬유유연제🧸),https://youtu.be/k9R3HDzu6cg,@Bingky794,"차현이 귀여운 비글 네살ㅠㅠ 아장아장한 도너시였는데 이제 씩씩한 어린이네🥺 잘 뛰놀고 수영도 잘하고!! 신나게 땀흘리고 와도 엄빠가 뽀송뽀송 향긋하게 옷 관리해주고 부럽다,, (여름빨래하기 힘든데 스너글 메모,,📝)",1,2026-06-17,차현이가 이렇게 씩씩해지다니 반가워요~ 귀여운 비글이 어른이 되는구나 하면서 뿌듯해지네요🐶💕
속이 훤히 보이는 로봇청소기? 🤖✨ 차혀니도 반했다! DJI ROMO-P,https://youtu.be/BfMiYFYB55A,@jaekkuki,간지나게 생겼네ㅋㅋ 탐난다,0,2026-04-04,"형만 보고 탐낸다니, 이거 진짜 인기 많네요! 😎"
속이 훤히 보이는 로봇청소기? 🤖✨ 차혀니도 반했다! DJI ROMO-P,https://youtu.be/BfMiYFYB55A,@한승록-r1b,저도 반한 로봇청소기네요.,0,2026-04-04,저도 보고 반한 기능이 많더라고요 😄
속이 훤히 보이는 로봇청소기? 🤖✨ 차혀니도 반했다! DJI ROMO-P,https://youtu.be/BfMiYFYB55A,@루이이-y1e,속도 보이고 디자인 자체가 예술이네요,0,2026-04-04,속이 훤히 보이는 디자인 정말 잘 뽐내셨네요! 깔끔한 외모가 돋보이더라고요 😄
속이 훤히 보이는 로봇청소기? 🤖✨ 차혀니도 반했다! DJI ROMO-P,https://youtu.be/BfMiYFYB55A,@김규리-y1h7g,"차혀나..., 로봇청소기 있다구 막 어지르면 안돼!ㅋㅎㅎ",0,2026-04-03,차혀니도 과하게 반해서 걱정이네요! 로봇이 열심히 따라다니는 건 다분히 의심스러워요 😅
속이 훤히 보이는 로봇청소기? 🤖✨ 차혀니도 반했다! DJI ROMO-P,https://youtu.be/BfMiYFYB55A,@jamong923,장애물을 피해서 구석구석 깨끗하게 청소해주니 흡족한 듯... :),0,2026-04-03,장애물까지 잘 피해서 청소하는 모습이 흡족해 보이는군요! 😊
속이 훤히 보이는 로봇청소기? 🤖✨ 차혀니도 반했다! DJI ROMO-P,https://youtu.be/BfMiYFYB55A,@나나나-s7g4d,로청 디자인 넘 내 스타일 !.!.!,0,2026-04-03,디자인 정말 예뻐 보이네요! 저도 반해서 보고 있어요 😄
속이 훤히 보이는 로봇청소기? 🤖✨ 차혀니도 반했다! DJI ROMO-P,https://youtu.be/BfMiYFYB55A,@jarey6700,디자인 깔끔하게 잘뽑았네,0,2026-04-03,디자인 진짜 예쁘네요~ 차혀니도 반한 건 디자인 때문이었더라고요! 😊
속이 훤히 보이는 로봇청소기? 🤖✨ 차혀니도 반했다! DJI ROMO-P,https://youtu.be/BfMiYFYB55A,@joy-d1c,차현이 아가에서 형아가 다 됐어~더 잘생겨졌당,0,2026-04-03,"차현이도 이제 더 성장해서 멋진 분위기 내시네요~ 잘생겨졌다는 말, 정말 기특해요! 😄"
속이 훤히 보이는 로봇청소기? 🤖✨ 차혀니도 반했다! DJI ROMO-P,https://youtu.be/BfMiYFYB55A,@꼬투리-k2y,차헌이에게 좋은 친구가 생겼네,0,2026-04-03,"차헌이도 반한 만큼, 정말 좋은 친구네요! 😊"
속이 훤히 보이는 로봇청소기? 🤖✨ 차혀니도 반했다! DJI ROMO-P,https://youtu.be/BfMiYFYB55A,@캐리송,반할만해 ㅎㅎ,0,2026-04-03,정말 잘 만든 제품이네요! 저도 사용해 보고 반했더라고요 😊
속이 훤히 보이는 로봇청소기? 🤖✨ 차혀니도 반했다! DJI ROMO-P,https://youtu.be/BfMiYFYB55A,@뿌뿌-t4n,반할만 하네 청소 진짜 편하겟다,0,2026-04-03,진짜 편한 건 청소 끝나고 훤히 보이는 바닥이네요! 😍
속이 훤히 보이는 로봇청소기? 🤖✨ 차혀니도 반했다! DJI ROMO-P,https://youtu.be/BfMiYFYB55A,@온하-i3c,속이 투명한 청소기 넘 신기함,0,2026-04-03,정말 속이 훤히 보여서 신기하네요! 저도 보면서 놀랐더라고요 😄
속이 훤히 보이는 로봇청소기? 🤖✨ 차혀니도 반했다! DJI ROMO-P,https://youtu.be/BfMiYFYB55A,@jgjgtjpjggjpjkkj,스타일러도 나중에 소개해주실수 있음 해주세용:),0,2026-04-03,스타일러는 추후 영상으로 준비해볼게요! 😊
속이 훤히 보이는 로봇청소기? 🤖✨ 차혀니도 반했다! DJI ROMO-P,https://youtu.be/BfMiYFYB55A,@ykorea8008,유아 매트도 올라가나요? 현재 사용중인 제품은 조금 높은 매트는 못 올라가서 바꾸려고 하거든요ㅠㅠ,0,2026-04-03,매트 두께가 적당하다면 올라갈 거 같네요! 정확한 사양은 알아보시고 답변 드릴게요 😊
속이 훤히 보이는 로봇청소기? 🤖✨ 차혀니도 반했다! DJI ROMO-P,https://youtu.be/BfMiYFYB55A,@minsupark-q7s,이런 로봇청소기가 있었다니! 우리 귀여운 차혀니가 소개해주는 제품이라 더 좋은것 같네♡,0,2026-04-02,차혀니의 귀여운 소개 덕분에 더 궁금해지네요! 😊
기계미 뿜뿜 🤖✨ 차혀니도 반해버린 역대급 비주얼! DJI에서 로봇청소기를? ROMO-P는 과연!,https://youtu.be/gCI4wtLwjsc,@간장밥-x3h,로봇청소기가 차현이랑 단짝되겠어요~ㅎㅎ,0,2026-04-03,차현이도 반했을 만큼 귀여워서 잘 어울릴 것 같네요! 😄