쇼핑쇼츠	YEkNHXXIK_I	클로드+Topview MCP 쇼핑쇼츠 자동화 완결	https://www.youtube.com/watch?v=YEkNHXXIK_I
쇼핑쇼츠	R6WcDwUkOes	쇼핑쇼츠 만드는 방법 1시간 FULL	https://www.youtube.com/watch?v=R6WcDwUkOes
쇼핑쇼츠	hARrKi7csZc	쇼핑쇼츠 열심히 해도 망합니다 초보 90% 현실	https://www.youtube.com/watch?v=hARrKi7csZc
쇼핑쇼츠	aJ9LeNEA60s	돈농부 김정빈 앵콜라이브 쇼핑콘텐츠 20억	https://www.youtube.com/watch?v=aJ9LeNEA60s
쇼핑쇼츠	bHpuGDciQq8	도우인 샤오홍슈 쇼핑쇼츠 영상소스 공략	https://www.youtube.com/watch?v=bHpuGDciQq8
쇼핑쇼츠	UcvkMztSVjk	재고없이 쇼핑몰 창업 드랍쉬핑+쇼핑쇼츠	https://www.youtube.com/watch?v=UcvkMztSVjk
쇼핑쇼츠	GrzY1MiDHVw	클로드 코드 AI로 쇼핑몰 창업하는 법	https://www.youtube.com/watch?v=GrzY1MiDHVw
쇼핑쇼츠	NdTbyc6zQWw	비밀 소싱처 상위셀러 벤치마킹 월3억 민대표	https://www.youtube.com/watch?v=NdTbyc6zQWw
무편집유튜브	R1wRgVwWIbs	영상 안만들고 유튜브로 7억 버는 30대	https://www.youtube.com/watch?v=R1wRgVwWIbs
무편집유튜브	csLSuPCgp1g	영상 안만듭니다 빚더미에서 6억 번 20대	https://www.youtube.com/watch?v=csLSuPCgp1g
무편집유튜브	PZhWhvJofso	영화 드라마 보면서 돈 버는 방법 60대	https://www.youtube.com/watch?v=PZhWhvJofso
무편집유튜브	tblaJHbvHPw	드라마쇼츠 구독자0명 월300 26년최신판	https://www.youtube.com/watch?v=tblaJHbvHPw
무편집유튜브	3Yz8ZYlveRU	10초영상 월4천 99년생 재택부업	https://www.youtube.com/watch?v=3Yz8ZYlveRU
무편집유튜브	LfipHemb2gA	저작권 걱정없이 양산형 해외쇼츠 이드로우맥스	https://www.youtube.com/watch?v=LfipHemb2gA
채널전략	mIJK1F8HXXM	26년 쇼츠 이 주제로 하세요 AI숏폼 주부	https://www.youtube.com/watch?v=mIJK1F8HXXM
채널전략	KqwmvT3CJtY	1억 조회 10만 구독자 이렇게 만들었습니다	https://www.youtube.com/watch?v=KqwmvT3CJtY
채널전략	uhRTrXT1efQ	시니어 롱폼 1황이 추천하는 신규 카테고리	https://www.youtube.com/watch?v=uhRTrXT1efQ
채널전략	YOQcocU-guc	유튜브 자격조건 절반으로 낮춘 진짜 이유	https://www.youtube.com/watch?v=YOQcocU-guc
영상자동화	9kn-7C2ldas	대본부터 업로드까지 2.3억 유튜브 자동화프로그램	https://www.youtube.com/watch?v=9kn-7C2ldas
영상자동화	mOoljoYJYZM	클로드코드로 캡컷 브루 자동배치 편집앱	https://www.youtube.com/watch?v=mOoljoYJYZM
영상자동화	iq232J1LA8Y	브루 자동화 4.0 정지화면 없애기	https://www.youtube.com/watch?v=iq232J1LA8Y
영상자동화	BrvTE0MHxYk	코덱스로 LTX 2.5 ComfyUI 무제한 자동생성	https://www.youtube.com/watch?v=BrvTE0MHxYk
AI영상툴	sNk_bZDxM5w	무료인데 Seedance급 MiniMax H3 성능확인	https://www.youtube.com/watch?v=sNk_bZDxM5w
AI영상툴	FWROhgUyUDg	AE없이 AI 모션그래픽 구글 플로우	https://www.youtube.com/watch?v=FWROhgUyUDg
AI영상툴	eF2yf9WXS9w	Zack d films 스타일 필모라+챗GPT 마스터프롬프트	https://www.youtube.com/watch?v=eF2yf9WXS9w
블로그	alLqwclaCu0	월1000만원 버는 블로그 키워드 찾는 방법	https://www.youtube.com/watch?v=alLqwclaCu0
블로그	Q7FZpeumFws	블로그 상위노출 직접 써서 설명 에어컨청소	https://www.youtube.com/watch?v=Q7FZpeumFws
블로그	Ks_VKWa5qHU	10분 AI 블로그 자동화 클로드코워크+n8n	https://www.youtube.com/watch?v=Ks_VKWa5qHU
SNS	-mxQ5yWjIx4	인스타 스레드로 매달 3천만원 버는 38살	https://www.youtube.com/watch?v=-mxQ5yWjIx4
SNS	BO0Y4-loEVk	AI로 인스타 계정 만들어 실험한 유튜버	https://www.youtube.com/shorts/BO0Y4-loEVk
SNS	sclygD6ieJA	숏츠 컨텐츠	https://www.youtube.com/shorts/sclygD6ieJA
개발	46FKpw5AdnI	바이브코딩 시작 딱 이것만 알면 된다 개념설명	https://www.youtube.com/watch?v=46FKpw5AdnI
개발	Sed9O2Mn3uE	혼자 AI로 만든 SaaS 월 2000만원	https://www.youtube.com/watch?v=Sed9O2Mn3uE
개발	CGDibbwGfvk	Codex+NH투자증권 API 주식 자동매매 에이전트	https://www.youtube.com/watch?v=CGDibbwGfvk
콘텐츠참고	lW0spyK84og	이명박 노무현 폭로 문재인 (시사 롱폼 포맷)	https://www.youtube.com/watch?v=lW0spyK84og
콘텐츠참고	k7dOt4pZipk	인간관계 문제 해결 칼 융의 내면수업	https://www.youtube.com/watch?v=k7dOt4pZipk
